Workbook

Sheet Registro de Riesgos
A1: MATRIZ DE GESTIÓN DE RIESGOS (RBS / REGISTRO DE RIESGOS)
A2: Proyecto: Plataforma Web Integral Sinergi
A3: Nota: la Probabilidad e Impacto son estimaciones cualitativas iniciales (Alta/Media/Baja), sujetas a validación y ajuste por el equipo y Sinergi conforme avance el proyecto.
A5: ID | B5: Categoría (RBS) | C5: Riesgo | D5: Descripción / Causa raíz | E5: Área de impacto principal | F5: Probabilidad | G5: Impacto | H5: Punt. Prob. | I5: Punt. Imp. | J5: Nivel de Riesgo | K5: Clasificación | L5: Plan de respuesta / Mitigación | M5: Estado | N5: Fuente
A6: R-01 | B6: Técnico | C6: Sobrecarga por frecuencia de polling | D6: Las frecuencias de actualización periódica, ya definitivas de lanzamiento (~1-3 s para chat/solicitudes, ~2-3 s para estado de proyecto/hitos), podrían generar una carga elevada de peticiones al servidor. | E6: Tiempo / Calidad | F6: Media | G6: Media | H6: =INDEX(Leyenda!$B$4:$B$6,MATCH(F6,Leyenda!$A$4:$A$6,0)) -> 2 | I6: =INDEX(Leyenda!$B$4:$B$6,MATCH(G6,Leyenda!$A$4:$A$6,0)) -> 2 | J6: =H6*I6 -> 4 | K6: =IF(J6>=6,"Alto",IF(J6>=3,"Medio","Bajo")) -> Medio | L6: Ajustar la frecuencia final de cada componente según el volumen real de peticiones que reciba esa función. | M6: Abierto | N6: Documentacion_Requerida (Grupo 1, Matriz de Riesgos); Definición del Proyecto, sección 2.1
A7: R-02 | B7: Técnico / Seguridad | C7: Subida de archivos no válidos a Cloudflare R2 | D7: Riesgo asociado a la subida de documentos de clientes hacia el almacenamiento de objetos, en cuanto a tipo MIME real, extensiones peligrosas y tamaño máximo del archivo. | E7: Calidad / Seguridad | F7: Media | G7: Media | H7: =INDEX(Leyenda!$B$4:$B$6,MATCH(F7,Leyenda!$A$4:$A$6,0)) -> 2 | I7: =INDEX(Leyenda!$B$4:$B$6,MATCH(G7,Leyenda!$A$4:$A$6,0)) -> 2 | J7: =H7*I7 -> 4 | K7: =IF(J7>=6,"Alto",IF(J7>=3,"Medio","Bajo")) -> Medio | L7: Validación en capas ya cerrada en el stack: tipo MIME real (python-magic), lista negra de extensiones peligrosas, límite de tamaño y escaneo antivirus con ClamAV en segundo plano (Celery). | M7: Abierto | N7: Documentacion_Requerida (Grupo 1, Matriz de Riesgos); Stack Tecnológico, secciones 6 y 8
A8: R-03 | B8: Externo | C8: Límite de cuota en el proveedor SMTP definitivo (Brevo) | D8: Brevo, proveedor SMTP definitivo, presenta un límite de 300 correos gratuitos diarios, lo que podría restringir el envío de notificaciones automáticas si el volumen de uso crece. | E8: Alcance / Operación | F8: Media | G8: Baja | H8: =INDEX(Leyenda!$B$4:$B$6,MATCH(F8,Leyenda!$A$4:$A$6,0)) -> 2 | I8: =INDEX(Leyenda!$B$4:$B$6,MATCH(G8,Leyenda!$A$4:$A$6,0)) -> 1 | J8: =H8*I8 -> 2 | K8: =IF(J8>=6,"Alto",IF(J8>=3,"Medio","Bajo")) -> Bajo | L8: Monitorear el volumen real de envíos tras el lanzamiento y evaluar upgrade de plan o proveedor adicional si se acerca al límite gratuito. | M8: Abierto | N8: Definición del Proyecto, sección 5; Stack Tecnológico, secciones 4 y 12
A9: R-04 | B9: Operativo | C9: Demoras en la migración de datos | D9: Riesgo de retraso en la migración de proyectos existentes (en curso y terminados) y su documentación asociada hacia el nuevo sistema. | E9: Tiempo | F9: Media | G9: Alta | H9: =INDEX(Leyenda!$B$4:$B$6,MATCH(F9,Leyenda!$A$4:$A$6,0)) -> 2 | I9: =INDEX(Leyenda!$B$4:$B$6,MATCH(G9,Leyenda!$A$4:$A$6,0)) -> 3 | J9: =H9*I9 -> 6 | K9: =IF(J9>=6,"Alto",IF(J9>=3,"Medio","Bajo")) -> Alto | L9: Realizar pruebas con documentos simulados antes de migrar datos reales. | M9: Abierto | N9: Documentacion_Requerida (Grupo 1, Matriz de Riesgos); Definición del Proyecto, Módulo 5
A10: R-05 | B10: Externo / Organizacional | C10: Hosting de producción aún pendiente de confirmar con Sinergi | D10: El staging/desarrollo ya corre en un VPS propio del equipo (Hetzner o DigitalOcean); el hosting de producción queda pendiente de confirmar con Sinergi, dado que un hosting compartido con cPanel tradicional no sería compatible con el stack (requiere acceso root/SSH para Docker). | E10: Tiempo / Costo | F10: Media | G10: Media | H10: =INDEX(Leyenda!$B$4:$B$6,MATCH(F10,Leyenda!$A$4:$A$6,0)) -> 2 | I10: =INDEX(Leyenda!$B$4:$B$6,MATCH(G10,Leyenda!$A$4:$A$6,0)) -> 2 | J10: =H10*I10 -> 4 | K10: =IF(J10>=6,"Alto",IF(J10>=3,"Medio","Bajo")) -> Medio | L10: Confirmar con Sinergi si su hosting actual permite acceso root/SSH para Docker; si no es compatible, contratar un VPS (con o sin WHM/cPanel) en conjunto con Sinergi para producción. | M10: Abierto | N10: Definición del Proyecto, sección 5; Stack Tecnológico, sección 12
A11: R-06 | B11: Externo | C11: Proveedor de correo SMTP definitivo (resuelto) | D11: Resuelto: se eligió Brevo como proveedor SMTP definitivo, sobre Resend, por mayor cuota gratuita (300 correos/día vs 100/día) y menor fricción de integración (SMTP relay clásico, compatible con EMAIL_BACKEND de Django). | E11: Alcance / Tiempo | F11: Media | G11: Baja | H11: =INDEX(Leyenda!$B$4:$B$6,MATCH(F11,Leyenda!$A$4:$A$6,0)) -> 2 | I11: =INDEX(Leyenda!$B$4:$B$6,MATCH(G11,Leyenda!$A$4:$A$6,0)) -> 1 | J11: =H11*I11 -> 2 | K11: =IF(J11>=6,"Alto",IF(J11>=3,"Medio","Bajo")) -> Bajo | L11: Decisión cerrada — Brevo implementado como proveedor SMTP del sistema. | M11: Cerrado | N11: Definición del Proyecto, sección 5; Stack Tecnológico, sección 12
A12: R-07 | B12: Técnico | C12: Frecuencias finales de polling por confirmar | D12: Las frecuencias de polling quedaron cerradas como definitivas de lanzamiento (~1-3 s chat/solicitudes, ~2-3 s estado de proyecto/hitos); ajustes futuros según volumen real de uso son tuning operativo, no una reapertura de la decisión. | E12: Calidad | F12: Media | G12: Baja | H12: =INDEX(Leyenda!$B$4:$B$6,MATCH(F12,Leyenda!$A$4:$A$6,0)) -> 2 | I12: =INDEX(Leyenda!$B$4:$B$6,MATCH(G12,Leyenda!$A$4:$A$6,0)) -> 1 | J12: =H12*I12 -> 2 | K12: =IF(J12>=6,"Alto",IF(J12>=3,"Medio","Bajo")) -> Bajo | L12: Monitorear el volumen real de peticiones tras el lanzamiento y ajustar las frecuencias como tuning operativo, si es necesario. | M12: Cerrado | N12: Definición del Proyecto, sección 5; Stack Tecnológico, sección 12
A13: R-08 | B13: Seguridad | C13: 2FA y antivirus para documentos | D13: Se definió incluir ambas medidas: 2FA (TOTP, django-otp) obligatorio para las cuentas admin y empleado, y antivirus ClamAV + validación de archivos en capas para los documentos subidos por clientes. | E13: Calidad / Seguridad | F13: Media | G13: Media | H13: =INDEX(Leyenda!$B$4:$B$6,MATCH(F13,Leyenda!$A$4:$A$6,0)) -> 2 | I13: =INDEX(Leyenda!$B$4:$B$6,MATCH(G13,Leyenda!$A$4:$A$6,0)) -> 2 | J13: =H13*I13 -> 4 | K13: =IF(J13>=6,"Alto",IF(J13>=3,"Medio","Bajo")) -> Medio | L13: Implementar 2FA (django-otp) y ClamAV según lo definido en el Stack Tecnológico, sección 8. | M13: Cerrado | N13: Definición del Proyecto, sección 5; Stack Tecnológico, sección 8
A14: R-09 | B14: Seguridad | C14: Filtración de información entre clientes vía chatbot del portal | D14: El chatbot del portal de clientes (Módulo 4) responde sobre los proyectos propios de cada cliente autenticado; existe riesgo de que, por un error de contexto enviado a la API externa de IA, un cliente reciba información sobre proyectos de otro cliente. | E14: Calidad / Seguridad | F14: Media | G14: Alta | H14: =INDEX(Leyenda!$B$4:$B$6,MATCH(F14,Leyenda!$A$4:$A$6,0)) -> 2 | I14: =INDEX(Leyenda!$B$4:$B$6,MATCH(G14,Leyenda!$A$4:$A$6,0)) -> 3 | J14: =H14*I14 -> 6 | K14: =IF(J14>=6,"Alto",IF(J14>=3,"Medio","Bajo")) -> Alto | L14: Aislamiento estricto de información por cliente como requisito crítico de diseño; pruebas específicas con múltiples clientes/proyectos simultáneos antes de dar por listo el chatbot, verificando que el contexto enviado a la API se filtra correctamente por usuario autenticado. | M14: Abierto | N14: Definición del Proyecto, Módulo 4; Stack Tecnológico, sección 11
A15: R-10 | B15: Alcance | C15: Alcance final de internacionalización (inglés) condicionado al avance del proyecto | D15: La versión en inglés del sitio y del portal de cliente se aborda al final de la Fase 2 (Diseño UI/UX), de forma condicional según el avance del resto del proyecto; su alcance final se evalúa en ese momento. | E15: Alcance / Tiempo | F15: Media | G15: Baja | H15: =INDEX(Leyenda!$B$4:$B$6,MATCH(F15,Leyenda!$A$4:$A$6,0)) -> 2 | I15: =INDEX(Leyenda!$B$4:$B$6,MATCH(G15,Leyenda!$A$4:$A$6,0)) -> 1 | J15: =H15*I15 -> 2 | K15: =IF(J15>=6,"Alto",IF(J15>=3,"Medio","Bajo")) -> Bajo | L15: Confirmar el alcance final de la internacionalización al cierre de la Fase 2, antes de iniciar el desarrollo backend/frontend. | M15: Abierto | N15: Definición del Proyecto, sección 5 y Módulo 1
A16: R-11 | B16: Alcance | C16: Desarrollo del Módulo 6 (Inventario) aún no confirmado | D16: El Módulo 6 (Inventario) es de baja prioridad y se desarrollaría solo si sobra tiempo y si la empresa confirma interés, una vez completados los módulos principales. | E16: Alcance | F16: Media | G16: Baja | H16: =INDEX(Leyenda!$B$4:$B$6,MATCH(F16,Leyenda!$A$4:$A$6,0)) -> 2 | I16: =INDEX(Leyenda!$B$4:$B$6,MATCH(G16,Leyenda!$A$4:$A$6,0)) -> 1 | J16: =H16*I16 -> 2 | K16: =IF(J16>=6,"Alto",IF(J16>=3,"Medio","Bajo")) -> Bajo | L16: Confirmar con Sinergi si el Módulo 6 se desarrollará y si se conectará con el módulo de proyectos. | M16: Abierto | N16: Definición del Proyecto, sección 5 y Módulo 6

Sheet Leyenda
A1: LEYENDA DE PUNTAJES Y CLASIFICACIÓN
A3: Nivel | B3: Puntaje
A4: Alta | B4: 3
A5: Media | B5: 2
A6: Baja | B6: 1
A8: Clasificación del Nivel de Riesgo (Probabilidad × Impacto):
A9: Bajo: puntaje 1 o 2
A10: Medio: puntaje 3 o 4
A11: Alto: puntaje 6 o 9
